Workbook
Name RiskCategoryOptions: Risk_Categories!$A$3:$A$20

Sheet README
A1: Irrigation project — stage 2
A2: Source / Fonte | B2: estudo de caso Irrigação (1).docx
A3: Scope / Escopo | B3: 15 activities, 8 risks, 16 mappings.
A4: Decisions / Decisões | B4: Schedule-only case: no cost estimates or targets are supplied; zero cost inputs disable costs and are not estimates. User confirmed R8 -> Material Review 2.4, Triangular impacts for R1/R2/R5/R6/R8, and Normal impacts for R3. Four source activity correlations are documented in Case_Summary but are not simulated. The existing Normal zero-floor policy and shared-risk/independent-impact procedure remain in effect.
A5: Input colors / Cores | B5: Original green input cells, grey optional/calculated cells, yellow required duration/cost parameters and green required mapped impacts retained.
A6: Occurrence / Ocorrência | B6: One occurrence per risk/iteration, applied to its two mappings; magnitudes sampled independently as in the existing model.
A7: Costs / Custos | B7: No cost estimates supplied; all cost values are disabled at zero. Zero outputs are not cost estimates.
A8: Treatments / Tratamentos | B8: No treatment effectiveness supplied; no treatment assumptions invented.
A9: Correlations / Correlações | B9: Four source correlations are retained in Case_Summary but not applied by this model.
A10: Identifiers / Identificadores | B10: Activity IDs such as 2.1 and 2.10 are distinct text identifiers; do not convert them to numbers.
A11: Recalculate / Recalcular | B11: Recalculate and save in Excel after editing, before uploading.
A12: Reference means / Médias | B12: Exponential uses Mean only; Normal uses Mean and SD; three-point impacts follow the user-confirmed distributions.

Sheet Project
A1: 1. Project Information
A2: Field | B2: Value | C2: Required? | D2: Data Type | E2: Validation Rule | F2: Example | G2: Simulation Role
A3: Project_ID | B3: IRRIGATION_STAGE_2
A4: Project_Name | B4: Irrigation project — stage 2
A5: Description | B5: Replacement of open channels by pipes and extension to additional properties/outlets.
A6: Time_Unit | B6: weeks
A7: Currency | B7: Not supplied; costs disabled
A8: Simulation_Iterations | B8: 5000
A9: Random_Seed | B9: 42
A10: Target_Duration
A11: Target_Cost
A12: Input_Notes | B12: Schedule-only case: no cost estimates or targets are supplied; zero cost inputs disable costs and are not estimates. User confirmed R8 -> Material Review 2.4, Triangular impacts for R1/R2/R5/R6/R8, and Normal impacts for R3. Four source activity correlations are documented in Case_Summary but are not simulated. The existing Normal zero-floor policy and shared-risk/independent-impact procedure remain in effect.

Sheet Activities
A1: 2. Activity Register
A2: Activity_ID | B2: Activity_Name | C2: Predecessors | D2: Duration_Model | E2: Duration_Fixed | F2: Duration_Min | G2: Duration_MostLikely | H2: Duration_Max | I2: Duration_Mean | J2: Duration_SD | K2: Fixed_Cost | L2: Cost_Rate | M2: Cost_Association | N2: Cost_Model | O2: Cost_Fixed | P2: Cost_Min | Q2: Cost_MostLikely | R2: Cost_Max | S2: Cost_Mean | T2: Cost_SD
A3: 2.1 | B3: Project Planning | D3: Normal | I3: 2 | J3: 0.5 | K3: =Case_Assumptions!E3 -> 0 | L3: =Case_Assumptions!F3 -> 0 | M3: Fixed only
A4: 2.2 | B4: Pipe Design | C4: 2.1 | D4: Triangular | F4: 2 | G4: 3 | H4: 4 | K4: =Case_Assumptions!E4 -> 0 | L4: =Case_Assumptions!F4 -> 0 | M4: Fixed only
A5: 2.3 | B5: Material Acquisition | C5: 2.2 | D5: Exponential | I5: 1 | K5: =Case_Assumptions!E5 -> 0 | L5: =Case_Assumptions!F5 -> 0 | M5: Fixed only
A6: 2.4 | B6: Material Review | C6: 2.3 | D6: Triangular | F6: 1 | G6: 2 | H6: 3 | K6: =Case_Assumptions!E6 -> 0 | L6: =Case_Assumptions!F6 -> 0 | M6: Fixed only
A7: 2.5 | B7: Excavation for Pipes | C7: 2.2 | D7: Normal | I7: 4 | J7: 1 | K7: =Case_Assumptions!E7 -> 0 | L7: =Case_Assumptions!F7 -> 0 | M7: Fixed only
A8: 2.6 | B8: Pipe Installation | C8: 2.4,2.5 | D8: Beta-PERT | F8: 4 | G8: 5 | H8: 7 | K8: =Case_Assumptions!E8 -> 0 | L8: =Case_Assumptions!F8 -> 0 | M8: Fixed only
A9: 2.7 | B9: Pipe Pressure Testing | C9: 2.6 | D9: Normal | I9: 2 | J9: 0.5 | K9: =Case_Assumptions!E9 -> 0 | L9: =Case_Assumptions!F9 -> 0 | M9: Fixed only
A10: 2.8 | B10: Quality Inspection | C10: 2.7 | D10: Exponential | I10: 1 | K10: =Case_Assumptions!E10 -> 0 | L10: =Case_Assumptions!F10 -> 0 | M10: Fixed only
A11: 2.9 | B11: Distribution System Connections | C11: 2.8 | D11: Triangular | F11: 2 | G11: 3 | H11: 5 | K11: =Case_Assumptions!E11 -> 0 | L11: =Case_Assumptions!F11 -> 0 | M11: Fixed only
A12: 2.10 | B12: Operator Training | C12: 2.8 | D12: Normal | I12: 1 | J12: 0.1 | K12: =Case_Assumptions!E12 -> 0 | L12: =Case_Assumptions!F12 -> 0 | M12: Fixed only
A13: 2.11 | B13: Initial Monitoring and Maintenance | C13: 2.9,2.10 | D13: Exponential | I13: 2 | K13: =Case_Assumptions!E13 -> 0 | L13: =Case_Assumptions!F13 -> 0 | M13: Fixed only
A14: 2.12 | B14: Project Documentation | C14: 2.11 | D14: Beta-PERT | F14: 0.5 | G14: 1 | H14: 1.5 | K14: =Case_Assumptions!E14 -> 0 | L14: =Case_Assumptions!F14 -> 0 | M14: Fixed only
A15: 2.13 | B15: System Commissioning | C15: 2.12 | D15: Normal | I15: 1 | J15: 0.3 | K15: =Case_Assumptions!E15 -> 0 | L15: =Case_Assumptions!F15 -> 0 | M15: Fixed only
A16: 2.14 | B16: Final Project Report | C16: 2.13 | D16: Exponential | I16: 1 | K16: =Case_Assumptions!E16 -> 0 | L16: =Case_Assumptions!F16 -> 0 | M16: Fixed only
A17: 2.15 | B17: Final Risk Analysis | C17: 2.14 | D17: Normal | I17: 1 | J17: 0.2 | K17: =Case_Assumptions!E17 -> 0 | L17: =Case_Assumptions!F17 -> 0 | M17: Fixed only

Sheet Risk_Register
A1: 3. Risk Register
A2: Risk_ID | B2: Risk_Name | C2: Risk_Statement | D2: Category | E2: Risk_Type | F2: Probability | G2: Scope | H2: Impact_Type | I2: Trigger_Cause | J2: Owner | K2: Response_Strategy | L2: Response_Action | M2: Status | N2: Impact_Distribution_Default | O2: Notes | P2: Active | Q2: Qualitative_Schedule_Impact | R2: Qualitative_Cost_Impact | S2: Assessment_Rationale | T2: Response_Owner | U2: Response_Due_Date | V2: Residual_Probability | W2: Residual_Schedule_Impact | X2: Residual_Cost_Impact | Y2: Residual_Acceptance | Z2: Residual_Rationale
A3: R1 | B3: Material delivery delays | C3: Material delivery delays; duration impact on 2.3, 2.6; occurrence probability 30%. | E3: Threat | F3: 0.3 | G3: Local | H3: Duration | N3: Triangular | O3: Triangular selected by user; distribution not named in source. | P3: TRUE
A4: R2 | B4: Pipe design errors | C4: Pipe design errors; duration impact on 2.2, 2.5; occurrence probability 30%. | E4: Threat | F4: 0.3 | G4: Local | H4: Duration | N4: Triangular | O4: Triangular selected by user; distribution not named in source. | P4: TRUE
A5: R3 | B5: Adverse weather during excavation | C5: Adverse weather during excavation; duration impact on 2.5, 2.6; occurrence probability 20%. | E5: Threat | F5: 0.2 | G5: Local | H5: Duration | N5: Normal | O5: Normal selected by user; source gives mean/SD but no distribution name. Negative draws use the existing zero floor. | P5: TRUE
A6: R4 | B6: Pressure-test quality problems | C6: Pressure-test quality problems; duration impact on 2.7, 2.8; occurrence probability 40%. | E6: Threat | F6: 0.4 | G6: Local | H6: Duration | N6: Exponential | P6: TRUE
A7: R5 | B7: Communication failures during training | C7: Communication failures during training; duration impact on 2.10, 2.13; occurrence probability 20%. | E7: Threat | F7: 0.2 | G7: Local | H7: Duration | N7: Triangular | O7: Triangular selected by user; distribution not named in source. | P7: TRUE
A8: R6 | B8: Failed quality inspection | C8: Failed quality inspection; duration impact on 2.8, 2.9; occurrence probability 10%. | E8: Threat | F8: 0.1 | G8: Local | H8: Duration | N8: Triangular | O8: Triangular selected by user; distribution not named in source. | P8: TRUE
A9: R7 | B9: Lack of qualified installation personnel | C9: Lack of qualified installation personnel; duration impact on 2.6, 2.10; occurrence probability 30%. | E9: Threat | F9: 0.3 | G9: Local | H9: Duration | N9: Exponential | P9: TRUE
A10: R8 | B10: Material review not completed on time | C10: Material review not completed on time; duration impact on 2.4, 2.12; occurrence probability 20%. | E10: Threat | F10: 0.2 | G10: Local | H10: Duration | N10: Triangular | O10: Triangular selected by user; distribution not named in source. R8 numeric reference 2.15 corrected to named activity 2.4, confirmed by user. | P10: TRUE

Sheet Risk_Activity_Map
A1: 4. Risk-Activity Mapping
A2: Risk_ID | B2: Activity_ID | C2: Impact_Type | D2: Distribution | E2: Impact_Fixed | F2: Impact_Min | G2: Impact_MostLikely | H2: Impact_Max | I2: Impact_Mean | J2: Impact_SD
A3: R1 | B3: 2.3 | C3: Duration | D3: Triangular | F3: 1 | G3: 2 | H3: 4
A4: R1 | B4: 2.6 | C4: Duration | D4: Triangular | F4: 1 | G4: 2 | H4: 4
A5: R2 | B5: 2.2 | C5: Duration | D5: Triangular | F5: 1 | G5: 3 | H5: 5
A6: R2 | B6: 2.5 | C6: Duration | D6: Triangular | F6: 1 | G6: 3 | H6: 5
A7: R3 | B7: 2.5 | C7: Duration | D7: Normal | I7: 1.5 | J7: 1
A8: R3 | B8: 2.6 | C8: Duration | D8: Normal | I8: 1.5 | J8: 1
A9: R4 | B9: 2.7 | C9: Duration | D9: Exponential | I9: 2
A10: R4 | B10: 2.8 | C10: Duration | D10: Exponential | I10: 2
A11: R5 | B11: 2.10 | C11: Duration | D11: Triangular | F11: 0.5 | G11: 1 | H11: 2
A12: R5 | B12: 2.13 | C12: Duration | D12: Triangular | F12: 0.5 | G12: 1 | H12: 2
A13: R6 | B13: 2.8 | C13: Duration | D13: Triangular | F13: 0.5 | G13: 2 | H13: 2.5
A14: R6 | B14: 2.9 | C14: Duration | D14: Triangular | F14: 0.5 | G14: 2 | H14: 2.5
A15: R7 | B15: 2.6 | C15: Duration | D15: Exponential | I15: 3
A16: R7 | B16: 2.10 | C16: Duration | D16: Exponential | I16: 3
A17: R8 | B17: 2.4 | C17: Duration | D17: Triangular | F17: 1 | G17: 1.5 | H17: 3
A18: R8 | B18: 2.12 | C18: Duration | D18: Triangular | F18: 1 | G18: 1.5 | H18: 3

Sheet Risk_Relationships
A1: 5. Optional Risk-Risk Relationships - Advanced / Future Layer
A2: Parent_Risk | B2: Child_Risk | C2: Relationship_Type | D2: Influence_Parameter | E2: Active | F2: Notes

Sheet Validation_Spec
A1: Validation Specification
A2: Area | B2: Rule | C2: Severity | D2: Example Message | E2: Action
A3: Activities | B3: Activity_ID must be unique and nonblank | C3: Error | D3: Duplicate Activity_ID: A03 | E3: Stop simulation
A4: Network | B4: Every predecessor must reference an existing Activity_ID | C4: Error | D4: A07 references unknown predecessor A99 | E4: Stop simulation
A5: Network | B5: Network must be acyclic | C5: Error | D5: Circular relationship detected | E5: Stop simulation
A6: Duration | B6: Duration values must be non-negative | C6: Error | D6: A04 has negative duration | E6: Stop simulation
A7: 3-point distributions | B7: Min ≤ Most Likely ≤ Max | C7: Error | D7: A07: Most Likely (12) exceeds Max (9) | E7: Stop simulation
A8: Normal distribution | B8: Mean required; SD must be > 0 | C8: Error | D8: A04: Normal SD must be > 0 | E8: Stop simulation
A9: Risk | B9: Risk_ID must be unique and nonblank | C9: Error | D9: Duplicate Risk_ID: R02 | E9: Stop simulation
A10: Risk | B10: Probability must be between 0 and 1 | C10: Error | D10: R03 probability = 1.30 | E10: Stop simulation
A11: Mapping | B11: Risk_ID must exist in Risk_Register | C11: Error | D11: Mapping references unknown risk R09 | E11: Stop simulation
A12: Mapping | B12: Activity_ID must exist in Activities | C12: Error | D12: R04 maps to unknown activity A18 | E12: Stop simulation
A13: Mapping | B13: Impact parameters must match selected distribution | C13: Error | D13: R02/A04 missing triangular mode | E13: Stop simulation
... A15: Text input | B15: Trim leading/trailing spaces where safe | C15: Info | D15: ' A03 ' normalized to 'A03' | E15: Normalize

Sheet Risk_Portrait_Spec
A1: Risk Portrait - Scenario Specification
A3: Scenario | B3: Active Risks | C3: Meaning | D3: ΔMean | E3: ΔP50 | F3: ΔP90
A4: S0 | B4: None | C4: Activity uncertainty only; no tested discrete risks
A5: S1 | B5: R1 | C5: Highest-ranked selected risk
A6: S2 | B6: R1 + R2 | C6: Cumulative addition of second-ranked risk
A7: S3 | B7: R1 + R2 + R3 | C7: Cumulative addition of third-ranked risk
A8: S5 | B8: Top 5 active risks | C8: Concentrated high-priority exposure
A9: ST | B9: All active risks | C9: Total project risk exposure
A10: Interpretation
A11: Simulation control

Sheet Case_Summary
A1: Irrigation project — stage 2
A2: Item | B2: Source / first activity | C2: Second activity | D2: Value / classification | E2: Handling | F2: Notes
A3: Source file | B3: estudo de caso Irrigação (1).docx | D3: Scope | E3: Stage 2: 15 activities, 8 risks, 16 mappings | F3: No invented cost or treatment estimates
A4: Confirmed correction | B4: R8 -> 2.4, Material Review | D4: User decision | E4: R1/R2/R5/R6/R8 -> Triangular | F4: R3 -> Normal; zero-floor unchanged
A5: Simulation controls | B5: 5000 iterations; seed 42 | D5: Origin | E5: Inherited template defaults | F5: Not a case-source claim
A6: Correlations | B6: Stored below for traceability only | D6: Model scope | E6: Not applied | F6: No correlation layer added
A7: Source correlation | B7: 2.3 | C7: 2.6 | D7: 0.7 | E7: Not simulated | F7: Activity correlation is not risk-to-risk propagation.
A8: Source correlation | B8: 2.2 | C8: 2.5 | D8: 0.6 | E8: Not simulated | F8: Activity correlation is not risk-to-risk propagation.
A9: Source correlation | B9: 2.7 | C9: 2.8 | D9: 0.5 | E9: Not simulated | F9: Activity correlation is not risk-to-risk propagation.
A10: Source correlation | B10: 2.9 | C10: 2.13 | D10: 0.7 | E10: Not simulated | F10: Activity correlation is not risk-to-risk propagation.

Sheet Risk_Categories
A1: Project risk category reference
A2: Category | B2: Definition

Sheet Risk_Treatments
A1: Treatment scenario assumptions
A2: Risk_ID | B2: Treated_Probability | C2: Duration_Impact_Multiplier | D2: Cost_Impact_Multiplier | E2: Assumption_Rationale

Sheet Case_Assumptions
A1: V2.2 illustrative activity cost assumptions
A2: Activity_ID | B2: Original_Base_Cost | C2: Reference_Duration | D2: Time_Dependent_Share | E2: Fixed_Cost | F2: Cost_Rate | G2: Reference_Total | H2: Basis | I2: Cost_Association
A3: 2.1 | B3: 0 | C3: =IF(Activities!D3="Fixed",Activities!E3,IF(Activities!D3="Triangular",(Activities!F3+Activities!G3+Activities!H3)/3,IF(Activities!D3="Beta-PERT",(Activities!F3+4*Activities!G3+Activities!H3)/6,IF(Activities!D3="Normal",Activities!I3,IF(Activities!D3="Uniform",(Activities!F3+Activities!H3)/2,IF(OR(Activities!D3="Exponential",Activities!D3="Lognormal",Activities!D3="Gamma"),Activities!I3,NA())))))) -> 2 | D3: 0 | E3: =ROUND(B3-F3*C3,2) -> 0 | F3: =IF(Activities!M3="Fixed only",0,IF(D3=0,0,ROUND(B3*D3/C3,2))) -> 0 | G3: =E3+F3*C3 -> 0 | H3: No cost data supplied: zero is a disabled-cost placeholder, not an estimate. | I3: =Activities!M3 -> Fixed only
A4: 2.2 | B4: 0 | C4: =IF(Activities!D4="Fixed",Activities!E4,IF(Activities!D4="Triangular",(Activities!F4+Activities!G4+Activities!H4)/3,IF(Activities!D4="Beta-PERT",(Activities!F4+4*Activities!G4+Activities!H4)/6,IF(Activities!D4="Normal",Activities!I4,IF(Activities!D4="Uniform",(Activities!F4+Activities!H4)/2,IF(OR(Activities!D4="Exponential",Activities!D4="Lognormal",Activities!D4="Gamma"),Activities!I4,NA())))))) -> 3 | D4: 0 | E4: =ROUND(B4-F4*C4,2) -> 0 | F4: =IF(Activities!M4="Fixed only",0,IF(D4=0,0,ROUND(B4*D4/C4,2))) -> 0 | G4: =E4+F4*C4 -> 0 | H4: No cost data supplied: zero is a disabled-cost placeholder, not an estimate. | I4: =Activities!M4 -> Fixed only
A5: 2.3 | B5: 0 | C5: =IF(Activities!D5="Fixed",Activities!E5,IF(Activities!D5="Triangular",(Activities!F5+Activities!G5+Activities!H5)/3,IF(Activities!D5="Beta-PERT",(Activities!F5+4*Activities!G5+Activities!H5)/6,IF(Activities!D5="Normal",Activities!I5,IF(Activities!D5="Uniform",(Activities!F5+Activities!H5)/2,IF(OR(Activities!D5="Exponential",Activities!D5="Lognormal",Activities!D5="Gamma"),Activities!I5,NA())))))) -> 1 | D5: 0 | E5: =ROUND(B5-F5*C5,2) -> 0 | F5: =IF(Activities!M5="Fixed only",0,IF(D5=0,0,ROUND(B5*D5/C5,2))) -> 0 | G5: =E5+F5*C5 -> 0 | H5: No cost data supplied: zero is a disabled-cost placeholder, not an estimate. | I5: =Activities!M5 -> Fixed only
A6: 2.4 | B6: 0 | C6: =IF(Activities!D6="Fixed",Activities!E6,IF(Activities!D6="Triangular",(Activities!F6+Activities!G6+Activities!H6)/3,IF(Activities!D6="Beta-PERT",(Activities!F6+4*Activities!G6+Activities!H6)/6,IF(Activities!D6="Normal",Activities!I6,IF(Activities!D6="Uniform",(Activities!F6+Activities!H6)/2,IF(OR(Activities!D6="Exponential",Activities!D6="Lognormal",Activities!D6="Gamma"),Activities!I6,NA())))))) -> 2 | D6: 0 | E6: =ROUND(B6-F6*C6,2) -> 0 | F6: =IF(Activities!M6="Fixed only",0,IF(D6=0,0,ROUND(B6*D6/C6,2))) -> 0 | G6: =E6+F6*C6 -> 0 | H6: No cost data supplied: zero is a disabled-cost placeholder, not an estimate. | I6: =Activities!M6 -> Fixed only
A7: 2.5 | B7: 0 | C7: =IF(Activities!D7="Fixed",Activities!E7,IF(Activities!D7="Triangular",(Activities!F7+Activities!G7+Activities!H7)/3,IF(Activities!D7="Beta-PERT",(Activities!F7+4*Activities!G7+Activities!H7)/6,IF(Activities!D7="Normal",Activities!I7,IF(Activities!D7="Uniform",(Activities!F7+Activities!H7)/2,IF(OR(Activities!D7="Exponential",Activities!D7="Lognormal",Activities!D7="Gamma"),Activities!I7,NA())))))) -> 4 | D7: 0 | E7: =ROUND(B7-F7*C7,2) -> 0 | F7: =IF(Activities!M7="Fixed only",0,IF(D7=0,0,ROUND(B7*D7/C7,2))) -> 0 | G7: =E7+F7*C7 -> 0 | H7: No cost data supplied: zero is a disabled-cost placeholder, not an estimate. | I7: =Activities!M7 -> Fixed only
A8: 2.6 | B8: 0 | C8: =IF(Activities!D8="Fixed",Activities!E8,IF(Activities!D8="Triangular",(Activities!F8+Activities!G8+Activities!H8)/3,IF(Activities!D8="Beta-PERT",(Activities!F8+4*Activities!G8+Activities!H8)/6,IF(Activities!D8="Normal",Activities!I8,IF(Activities!D8="Uniform",(Activities!F8+Activities!H8)/2,IF(OR(Activities!D8="Exponential",Activities!D8="Lognormal",Activities!D8="Gamma"),Activities!I8,NA())))))) -> 5.1666667 | D8: 0 | E8: =ROUND(B8-F8*C8,2) -> 0 | F8: =IF(Activities!M8="Fixed only",0,IF(D8=0,0,ROUND(B8*D8/C8,2))) -> 0 | G8: =E8+F8*C8 -> 0 | H8: No cost data supplied: zero is a disabled-cost placeholder, not an estimate. | I8: =Activities!M8 -> Fixed only
A9: 2.7 | B9: 0 | C9: =IF(Activities!D9="Fixed",Activities!E9,IF(Activities!D9="Triangular",(Activities!F9+Activities!G9+Activities!H9)/3,IF(Activities!D9="Beta-PERT",(Activities!F9+4*Activities!G9+Activities!H9)/6,IF(Activities!D9="Normal",Activities!I9,IF(Activities!D9="Uniform",(Activities!F9+Activities!H9)/2,IF(OR(Activities!D9="Exponential",Activities!D9="Lognormal",Activities!D9="Gamma"),Activities!I9,NA())))))) -> 2 | D9: 0 | E9: =ROUND(B9-F9*C9,2) -> 0 | F9: =IF(Activities!M9="Fixed only",0,IF(D9=0,0,ROUND(B9*D9/C9,2))) -> 0 | G9: =E9+F9*C9 -> 0 | H9: No cost data supplied: zero is a disabled-cost placeholder, not an estimate. | I9: =Activities!M9 -> Fixed only
A10: 2.8 | B10: 0 | C10: =IF(Activities!D10="Fixed",Activities!E10,IF(Activities!D10="Triangular",(Activities!F10+Activities!G10+Activities!H10)/3,IF(Activities!D10="Beta-PERT",(Activities!F10+4*Activities!G10+Activities!H10)/6,IF(Activities!D10="Normal",Activities!I10,IF(Activities!D10="Uniform",(Activities!F10+Activities!H10)/2,IF(OR(Activities!D10="Exponential",Activities!D10="Lognormal",Activities!D10="Gamma"),Activities!I10,NA())))))) -> 1 | D10: 0 | E10: =ROUND(B10-F10*C10,2) -> 0 | F10: =IF(Activities!M10="Fixed only",0,IF(D10=0,0,ROUND(B10*D10/C10,2))) -> 0 | G10: =E10+F10*C10 -> 0 | H10: No cost data supplied: zero is a disabled-cost placeholder, not an estimate. | I10: =Activities!M10 -> Fixed only
A11: 2.9 | B11: 0 | C11: =IF(Activities!D11="Fixed",Activities!E11,IF(Activities!D11="Triangular",(Activities!F11+Activities!G11+Activities!H11)/3,IF(Activities!D11="Beta-PERT",(Activities!F11+4*Activities!G11+Activities!H11)/6,IF(Activities!D11="Normal",Activities!I11,IF(Activities!D11="Uniform",(Activities!F11+Activities!H11)/2,IF(OR(Activities!D11="Exponential",Activities!D11="Lognormal",Activities!D11="Gamma"),Activities!I11,NA())))))) -> 3.3333333 | D11: 0 | E11: =ROUND(B11-F11*C11,2) -> 0 | F11: =IF(Activities!M11="Fixed only",0,IF(D11=0,0,ROUND(B11*D11/C11,2))) -> 0 | G11: =E11+F11*C11 -> 0 | H11: No cost data supplied: zero is a disabled-cost placeholder, not an estimate. | I11: =Activities!M11 -> Fixed only
A12: 2.10 | B12: 0 | C12: =IF(Activities!D12="Fixed",Activities!E12,IF(Activities!D12="Triangular",(Activities!F12+Activities!G12+Activities!H12)/3,IF(Activities!D12="Beta-PERT",(Activities!F12+4*Activities!G12+Activities!H12)/6,IF(Activities!D12="Normal",Activities!I12,IF(Activities!D12="Uniform",(Activities!F12+Activities!H12)/2,IF(OR(Activities!D12="Exponential",Activities!D12="Lognormal",Activities!D12="Gamma"),Activities!I12,NA())))))) -> 1 | D12: 0 | E12: =ROUND(B12-F12*C12,2) -> 0 | F12: =IF(Activities!M12="Fixed only",0,IF(D12=0,0,ROUND(B12*D12/C12,2))) -> 0 | G12: =E12+F12*C12 -> 0 | H12: No cost data supplied: zero is a disabled-cost placeholder, not an estimate. | I12: =Activities!M12 -> Fixed only
A13: 2.11 | B13: 0 | C13: =IF(Activities!D13="Fixed",Activities!E13,IF(Activities!D13="Triangular",(Activities!F13+Activities!G13+Activities!H13)/3,IF(Activities!D13="Beta-PERT",(Activities!F13+4*Activities!G13+Activities!H13)/6,IF(Activities!D13="Normal",Activities!I13,IF(Activities!D13="Uniform",(Activities!F13+Activities!H13)/2,IF(OR(Activities!D13="Exponential",Activities!D13="Lognormal",Activities!D13="Gamma"),Activities!I13,NA())))))) -> 2 | D13: 0 | E13: =ROUND(B13-F13*C13,2) -> 0 | F13: =IF(Activities!M13="Fixed only",0,IF(D13=0,0,ROUND(B13*D13/C13,2))) -> 0 | G13: =E13+F13*C13 -> 0 | H13: No cost data supplied: zero is a disabled-cost placeholder, not an estimate. | I13: =Activities!M13 -> Fixed only
A14: 2.12 | B14: 0 | C14: =IF(Activities!D14="Fixed",Activities!E14,IF(Activities!D14="Triangular",(Activities!F14+Activities!G14+Activities!H14)/3,IF(Activities!D14="Beta-PERT",(Activities!F14+4*Activities!G14+Activities!H14)/6,IF(Activities!D14="Normal",Activities!I14,IF(Activities!D14="Uniform",(Activities!F14+Activities!H14)/2,IF(OR(Activities!D14="Exponential",Activities!D14="Lognormal",Activities!D14="Gamma"),Activities!I14,NA())))))) -> 1 | D14: 0 | E14: =ROUND(B14-F14*C14,2) -> 0 | F14: =IF(Activities!M14="Fixed only",0,IF(D14=0,0,ROUND(B14*D14/C14,2))) -> 0 | G14: =E14+F14*C14 -> 0 | H14: No cost data supplied: zero is a disabled-cost placeholder, not an estimate. | I14: =Activities!M14 -> Fixed only
... A17: 2.15 | B17: 0 | C17: =IF(Activities!D17="Fixed",Activities!E17,IF(Activities!D17="Triangular",(Activities!F17+Activities!G17+Activities!H17)/3,IF(Activities!D17="Beta-PERT",(Activities!F17+4*Activities!G17+Activities!H17)/6,IF(Activities!D17="Normal",Activities!I17,IF(Activities!D17="Uniform",(Activities!F17+Activities!H17)/2,IF(OR(Activities!D17="Exponential",Activities!D17="Lognormal",Activities!D17="Gamma"),Activities!I17,NA())))))) -> 1 | D17: 0 | E17: =ROUND(B17-F17*C17,2) -> 0 | F17: =IF(Activities!M17="Fixed only",0,IF(D17=0,0,ROUND(B17*D17/C17,2))) -> 0 | G17: =E17+F17*C17 -> 0 | H17: No cost data supplied: zero is a disabled-cost placeholder, not an estimate. | I17: =Activities!M17 -> Fixed only
